segment,start,end,duration
0,0.000,0.100,0.100
1,0.100,0.200,0.100
2,0.200,0.300,0.100
3,0.300,0.367,0.067
4,0.367,0.467,0.100
5,0.467,0.533,0.067
6,0.533,0.633,0.100
7,0.633,0.733,0.100
8,0.733,0.867,0.133
9,0.867,1.033,0.167
10,1.033,1.200,0.167
11,1.200,1.467,0.267
12,1.467,1.833,0.367
13,1.833,2.333,0.500
14,2.333,3.167,0.833
15,3.167,4.467,1.300
16,4.467,5.267,0.800
17,5.267,5.700,0.433
18,5.700,6.100,0.400
19,6.100,6.367,0.267
20,6.367,6.600,0.233
21,6.600,6.800,0.200
22,6.800,6.967,0.167
23,6.967,7.100,0.133
24,7.100,7.233,0.133
25,7.233,7.333,0.100
26,7.333,7.467,0.133
27,7.467,7.567,0.100
28,7.567,7.667,0.100
29,7.667,7.733,0.067
30,7.733,7.833,0.100
31,7.833,7.900,0.067
32,7.900,8.000,0.100
33,8.000,8.067,0.067
34,8.067,8.167,0.100
35,8.167,8.267,0.100
36,8.267,8.367,0.100
37,8.367,8.433,0.067
38,8.433,8.533,0.100
39,8.533,8.600,0.067
40,8.600,8.700,0.100
41,8.700,8.800,0.100
42,8.800,8.900,0.100
43,8.900,8.967,0.067
44,8.967,9.067,0.100
45,9.067,9.133,0.067
46,9.133,9.233,0.100
47,9.233,9.300,0.067
48,9.300,9.400,0.100
49,9.400,9.500,0.100
50,9.500,9.591,0.091
